city,office_name,place_id
Bangalore,Rupeek Fintech Private Limited - Corporate Office,ChIJz9sVQrEVrjsR2JlWuYhO48A
Chennai,Rupeek Fintech private limited,ChIJc-Rqka8XrjsR-PgLD_krx9A
Hyderabad,Rupeek Fintech Pvt Ltd,ChIJO67GjdkVrjsRNHfOOR9E_7Y
Coimbatore,Rupeek Fintech Pvt Ltd,ChIJO67GjdkVrjsRNHfOOR9E_7Y
Pune,Rupeek Fintech Pvt Ltd,ChIJ719X5W7AwjsR09UjcpLoBDY
Mumbai,Rupeek Fintech Pvt Ltd,ChIJO67GjdkVrjsRNHfOOR9E_7Y
Ahmedabad,Rupeek Fintech Pvt Ltd,ChIJO67GjdkVrjsRNHfOOR9E_7Y
Delhi,Rupeek Fintech Pvt Ltd,ChIJO67GjdkVrjsRNHfOOR9E_7Y
Jaipur,Rupeek Fintech Pvt Ltd,ChIJO67GjdkVrjsRNHfOOR9E_7Y
Surat,Rupeek Fintech Pvt Ltd,ChIJO67GjdkVrjsRNHfOOR9E_7Y
Kolkata,Rupeek Fintech Pvt Ltd,ChIJO67GjdkVrjsRNHfOOR9E_7Y
Mysore,Rupeek Gold Loans,ChIJd8wyGiVxrzsRPosmoAw-n9k
Rajkot,Rupeek Fintech Pvt Ltd,ChIJO67GjdkVrjsRNHfOOR9E_7Y
Vadodara,Rupeek Fintech Pvt Ltd,ChIJO67GjdkVrjsRNHfOOR9E_7Y
Visakhapatnam,Rupeek Gold Loans,ChIJt-M5Y-BDOToRixtxqDn5UN8
Vijayawada,Rupeek Gold Loans,ChIJr7eEECQVPDoRKgLXgCkJthk
Ghaziabad,Rupeek Fintech Private Limited,ChIJyalLXADjDDkRZoYOcwFr7vk
Faridabad,Rupeek Fintech Pvt Ltd,ChIJO67GjdkVrjsRNHfOOR9E_7Y
Noida,Rupeek Fintech Pvt Ltd,ChIJO67GjdkVrjsRNHfOOR9E_7Y
Gurgaon,Rupeek Fintech Pvt Ltd,ChIJO67GjdkVrjsRNHfOOR9E_7Y
Chandigarh,Rupeek Fintech Private Limited - Corporate Office,ChIJz9sVQrEVrjsR2JlWuYhO48A
Ludhiana,Rupeek Fintech Pvt Ltd,ChIJO67GjdkVrjsRNHfOOR9E_7Y
Lucknow,Rupeek Fintech Private Limited,ChIJb_ebNQD9mzkRPV9xlhdGZno
Indore,Rupeek Fintech Pvt Ltd,ChIJO67GjdkVrjsRNHfOOR9E_7Y
Bhopal,Rupeek Fintech Pvt Ltd,ChIJO67GjdkVrjsRNHfOOR9E_7Y
Karimnagar,Rupeek Gold Loans,ChIJ20Vk8W_ZzDsRdBORNt1dnKM
Jalandhar,Rupeek Fintech Pvt Ltd,ChIJO67GjdkVrjsRNHfOOR9E_7Y
Tirupati,Rupeek Fintech Private Limited - Corporate Office,ChIJz9sVQrEVrjsR2JlWuYhO48A
Guntur,Rupeek Fintech Pvt Ltd,ChIJO67GjdkVrjsRNHfOOR9E_7Y
Warangal,Rupeek Fintech Pvt Ltd,ChIJO67GjdkVrjsRNHfOOR9E_7Y
Nashik,Rupeek Fintech Pvt Ltd,ChIJO67GjdkVrjsRNHfOOR9E_7Y
Mangalore,Rupeek Fintech Pvt Ltd,ChIJO67GjdkVrjsRNHfOOR9E_7Y
Pondicherry,Rupeek Gold Loans,ChIJYYCa_MFjUzoRfZVU37WFEnA
Shivmoga,Rupeek Fintech private limited,ChIJc-Rqka8XrjsR-PgLD_krx9A
Hassan,Rupeek Fintech private limited,ChIJc-Rqka8XrjsR-PgLD_krx9A
Kota,Rupeek Fintech Pvt Ltd,ChIJO67GjdkVrjsRNHfOOR9E_7Y
Jodhpur,Rupeek Fintech Pvt ltd,ChIJv-cO_XeNQTkRXjE-0bCruVs
Nagpur,Rupeek Fintech Pvt Ltd,ChIJO67GjdkVrjsRNHfOOR9E_7Y
Amritsar,Rupeek Fintech Pvt Ltd,ChIJO67GjdkVrjsRNHfOOR9E_7Y
Hubli,Rupeek Fintech Pvt Ltd,ChIJO67GjdkVrjsRNHfOOR9E_7Y
Davanagere,Rupeek Fintech Pvt Ltd,ChIJO67GjdkVrjsRNHfOOR9E_7Y
Anantapur,Rupeek Gold Loans,ChIJ-yehr95LsTsRJpCvWBNtGIs
Ballari,Rupeek Fintech private limited,ChIJc-Rqka8XrjsR-PgLD_krx9A
Khammam,Rupeek Gold Loans,ChIJO69XCQVZNDoRSm_0SySxpY0
Rajahmundry,Rupeek Gold Loans,ChIJp8UDGs6lNzoRatG2Zfg7Yyk
Kakinada,Rupeek Fintech Pvt Ltd,ChIJO67GjdkVrjsRNHfOOR9E_7Y
Sangli,Rupeek Fintech Pvt Ltd,ChIJO67GjdkVrjsRNHfOOR9E_7Y
Bhavnagar,Rupeek Fintech Pvt Ltd,ChIJO67GjdkVrjsRNHfOOR9E_7Y
Nizamabad,Rupeek Fintech Pvt Ltd,ChIJO67GjdkVrjsRNHfOOR9E_7Y
Belgaum,Rupeek Fintech Pvt Ltd,ChIJO67GjdkVrjsRNHfOOR9E_7Y
Nellore,Rupeek Fintech Pvt Ltd,ChIJO67GjdkVrjsRNHfOOR9E_7Y
Vijayapura,Rupeek Fintech private limited,ChIJc-Rqka8XrjsR-PgLD_krx9A
Kalaburagi,Rupeek Fintech Pvt Ltd,ChIJO67GjdkVrjsRNHfOOR9E_7Y
Kurnool,Rupeek Gold Loans,ChIJDwRrO_fntTsReAra__i_eQg
Jamnagar,Rupeek Fintech private limited,ChIJc-Rqka8XrjsR-PgLD_krx9A
Udupi,Rupeek Fintech Pvt Ltd,ChIJO67GjdkVrjsRNHfOOR9E_7Y
Aurangabad,Rupeek Fintech Pvt Ltd,ChIJO67GjdkVrjsRNHfOOR9E_7Y
Ahmednagar,Rupeek Fintech Pvt Ltd,ChIJO67GjdkVrjsRNHfOOR9E_7Y
Kolhapur,Rupeek Fintech Private Limited - Corporate Office,ChIJz9sVQrEVrjsR2JlWuYhO48A
Patiala,Rupeek Fintech Pvt Ltd,ChIJO67GjdkVrjsRNHfOOR9E_7Y
Doddaballapur,Rupeek Fintech private limited,ChIJc-Rqka8XrjsR-PgLD_krx9A
Madurai,Rupeek Fintech Pvt Ltd,ChIJO67GjdkVrjsRNHfOOR9E_7Y
Thiruvallur,Rupeek Fintech Pvt Ltd,ChIJO67GjdkVrjsRNHfOOR9E_7Y
Ujjain,Rupeek Fintech Pvt Ltd,ChIJO67GjdkVrjsRNHfOOR9E_7Y
Bangalore,Rupeek Gold Loans,ChIJAQDQKQUVrjsRwC5CSta_agg
Chennai,Rupeek Gold Loans,ChIJw_YFGmFnUjoRdwzAimoksnk
Hyderabad,Rupeek Gold Loans,ChIJP2x53FeRyzsRyZtvFNeQAeI
Coimbatore,Rupeek Gold Loans,ChIJXQKakvhZqDsRyclAQc78hkI
Pune,Rupeek Gold Loans,ChIJ-1K-dlzBwjsRxKRbop4TF54
Mumbai,Rupeek Gold Loans,ChIJu9MwCVS55zsRe-oj4CJUxl0
Ahmedabad,Rupeek Gold Loans,ChIJA_kYwh-FXjkRJ-Ml7kCgL5s
Delhi,Rupeek Gold Loans,ChIJv_ktSuYDDTkR3YBS6SKBUCM
Jaipur,Rupeek Gold Loans,ChIJa8X14-e1bTkRNl_vLiMUfLg
Surat,Rupeek Gold Loans,ChIJ_ZgCsGBP4DsRuq2f5DZ0caI
Kolkata,Rupeek Gold Loans,ChIJaRiEa7F3AjoRhvsWoU6Fu5I
Mysore,Rupeek Gold Loans,ChIJd8wyGiVxrzsRPosmoAw-n9k
Rajkot,Rupeek Gold Loans,ChIJB_pZHHvLWTkR9fUqjk2zx_E
Vadodara,Rupeek Gold Loans,ChIJOf5DOpHJXzkRzOFujYmCRmM
Visakhapatnam,Rupeek Gold Loans,ChIJt-M5Y-BDOToRixtxqDn5UN8
Vijayawada,Rupeek Gold Loans,ChIJr7eEECQVPDoRKgLXgCkJthk
Ghaziabad,Rupeek Gold Loans,ChIJqzsnKq3xDDkR6plkpiD3rNY
Faridabad,Rupeek Gold Loans,ChIJ3ZNr9tHdDDkRZRWDETSMuQA
Noida,Rupeek Gold Loans,ChIJaXPgVSHlDDkRX-3VujemAmU
Gurgaon,Rupeek Gold Loans,ChIJ43jce6YZDTkRRByss5xkJrc
Ludhiana,Rupeek Gold Loans,ChIJpRLOLtqDGjkRajPXAWWQdVY
Lucknow,Rupeek Gold Loans,ChIJd5BnjHj9mzkRyTs9kURmi8w
Indore,Rupeek Gold Loans,ChIJNRpjZoz9YjkRBxdW4PQwpHs
Bhopal,Rupeek Gold Loans,ChIJv93tHltDfDkRFj0DbkHjgtE
Karimnagar,Rupeek Gold Loans,ChIJ20Vk8W_ZzDsRdBORNt1dnKM
Jalandhar,Rupeek Gold Loans,ChIJNyMi5BVbGjkRGJCgVjRmCvQ
Tirupati,Rupeek Gold Loans,ChIJG4KaFpBLTToRzcaQ7Ln3-xw
Guntur,Rupeek Gold Loans,ChIJueUXc5B1SjoRBaGkslhxm6I
Warangal,Rupeek Gold Loans,ChIJORbcl0dFMzoRtafGnRp3_h4
Nashik,Rupeek Gold Loans,ChIJ0eB29hPr3TsRfAfb3OkvhzU
Mangalore,Rupeek Gold loan,ChIJD_qBkjRbozsRPCkYCCXkbJI
Pondicherry,Rupeek Gold Loans,ChIJYYCa_MFjUzoRfZVU37WFEnA
Shivmoga,Rupeek Gold Loans,ChIJp8eGTfKpuzsRg0BfszcoQG0
Hassan,Rupeek Gold Loans,ChIJuymqrApJpTsRqBzxLeQDSvA
Kota,Rupeek Gold Loans,ChIJAQDQKQUVrjsRwC5CSta_agg
Jodhpur,Rupeek Gold Loans,ChIJPeMnIFeNQTkR40nwdHW9Qjg
Nagpur,Rupeek Gold Loans,ChIJR-ahgB-_1DsRA1MK-pVioD4
Amritsar,Rupeek Gold Loans,ChIJ60CIaF9lGTkRByvxTFGl-do
Hubli,Rupeek Gold Loans,ChIJN3YZGerXuDsROTEEaMLrFNY
Davanagere,Rupeek Gold Loans,ChIJWTSk8VMlujsR_zqAhs2_AVE
Anantapur,Rupeek Gold Loans,ChIJ-yehr95LsTsRJpCvWBNtGIs
Ballari,Rupeek Gold Loans,ChIJWTSk8VMlujsR_zqAhs2_AVE
Khammam,Rupeek Gold Loans,ChIJO69XCQVZNDoRSm_0SySxpY0
Rajahmundry,Rupeek Gold Loans,ChIJp8UDGs6lNzoRatG2Zfg7Yyk
Kakinada,Rupeek Gold Loans,ChIJK4GyTFIpODoRVyUS1J0tU-I
Sangli,Rupeek Gold Loans,ChIJpbCz9dUjwTsRn95-weM8Cq4
Bhavnagar,Rupeek Gold Loans,ChIJR1x005JbXzkRs8SUkxh8ypo
Nizamabad,Rupeek Gold Loans,ChIJGREvfiDbzTsRG_PXzOluN3k
Belgaum,Rupeek Gold Loans,ChIJb41pEhJnvzsRWq8aJLbIu68
Nellore,Rupeek Gold Loans,ChIJdXQOsYGNTDoRn8jpu2wz4lY
Vijayapura,Rupeek Gold Loans,ChIJ3wJf555VxjsR562MNwy7UQY
Kalaburagi,Rupeek Gold Loans,ChIJbWxxLT_HyDsRIua5vQf9ZfY
Kurnool,Rupeek Gold Loans,ChIJDwRrO_fntTsReAra__i_eQg
Jamnagar,Rupeek Gold Loans,ChIJbaY19YIVVzkRtK46KiC5tD4
Udupi,Rupeek Gold Loans,ChIJDwwbQtS7vDsR-bDtgpRn88g
Aurangabad,Rupeek Gold Loans,ChIJAQDQKQUVrjsRwC5CSta_agg
Ahmednagar,Rupeek Gold Loans,ChIJ7Zc3vJ2x3DsRIRrBzNibkIY
Kolhapur,Rupeek Gold Loans,ChIJAQDQKQUVrjsRwC5CSta_agg
Patiala,Rupeek Gold Loans,ChIJQaYaF64pEDkRVUu00XEDRNw
Doddaballapur,Rupeek Gold Loans,ChIJGei5_ZXfsTsRmXHNFqGfk5U
Madurai,Rupeek Gold Loans,ChIJAQDQKQUVrjsRwC5CSta_agg
Thiruvallur,Rupeek Gold Loans,ChIJAQDQKQUVrjsRwC5CSta_agg
Ujjain,Rupeek Gold Loans,ChIJAQDQKQUVrjsRwC5CSta_agg
Bangalore,Rupeek Gold Loans,ChIJAQDQKQUVrjsRwC5CSta_agg
Chennai,Rupeek Gold Loans,ChIJw_YFGmFnUjoRdwzAimoksnk
Hyderabad,Rupeek Gold Loans,ChIJP2x53FeRyzsRyZtvFNeQAeI
Coimbatore,Rupeek Gold Loans,ChIJXQKakvhZqDsRyclAQc78hkI
Pune,Rupeek Gold Loans,ChIJ-1K-dlzBwjsRxKRbop4TF54
Mumbai,Rupeek Gold Loans,ChIJu9MwCVS55zsRe-oj4CJUxl0
Ahmedabad,Rupeek Gold Loans,ChIJA_kYwh-FXjkRJ-Ml7kCgL5s
Delhi,Rupeek Gold Loans,ChIJv_ktSuYDDTkR3YBS6SKBUCM
Jaipur,Rupeek Gold Loans,ChIJa8X14-e1bTkRNl_vLiMUfLg
Surat,Rupeek Gold Loans,ChIJ_ZgCsGBP4DsRuq2f5DZ0caI
Kolkata,Rupeek Gold Loans,ChIJaRiEa7F3AjoRhvsWoU6Fu5I
Mysore,Rupeek Gold Loans,ChIJd8wyGiVxrzsRPosmoAw-n9k
Rajkot,Rupeek Gold Loans,ChIJB_pZHHvLWTkR9fUqjk2zx_E
Vadodara,Rupeek Gold Loans,ChIJOf5DOpHJXzkRzOFujYmCRmM
Visakhapatnam,Rupeek Gold Loans,ChIJt-M5Y-BDOToRixtxqDn5UN8
Vijayawada,Rupeek Gold Loans,ChIJr7eEECQVPDoRKgLXgCkJthk
Ghaziabad,Rupeek Gold Loans,ChIJqzsnKq3xDDkR6plkpiD3rNY
Faridabad,Rupeek Gold Loans,ChIJ3ZNr9tHdDDkRZRWDETSMuQA
Noida,Rupeek Gold Loans,ChIJaXPgVSHlDDkRX-3VujemAmU
Gurgaon,Rupeek Gold Loans,ChIJ43jce6YZDTkRRByss5xkJrc
Chandigarh,Rupeek Gold Loans,ChIJAQDQKQUVrjsRwC5CSta_agg
Ludhiana,Rupeek Gold Loans,ChIJpRLOLtqDGjkRajPXAWWQdVY
Lucknow,Rupeek Gold Loans,ChIJd5BnjHj9mzkRyTs9kURmi8w
Indore,Rupeek Gold Loans,ChIJNRpjZoz9YjkRBxdW4PQwpHs
Bhopal,Rupeek Gold Loans,ChIJv93tHltDfDkRFj0DbkHjgtE
Karimnagar,Rupeek Gold Loans,ChIJ20Vk8W_ZzDsRdBORNt1dnKM
Jalandhar,Rupeek Gold Loans,ChIJNyMi5BVbGjkRGJCgVjRmCvQ
Tirupati,Rupeek Gold Loans,ChIJG4KaFpBLTToRzcaQ7Ln3-xw
Guntur,Rupeek Gold Loans,ChIJueUXc5B1SjoRBaGkslhxm6I
Warangal,Rupeek Gold Loans,ChIJORbcl0dFMzoRtafGnRp3_h4
Nashik,Rupeek Gold Loans,ChIJ0eB29hPr3TsRfAfb3OkvhzU
Mangalore,Rupeek Gold loan,ChIJD_qBkjRbozsRPCkYCCXkbJI
Pondicherry,Rupeek Gold Loans,ChIJYYCa_MFjUzoRfZVU37WFEnA
Shivmoga,Rupeek Gold Loans,ChIJp8eGTfKpuzsRg0BfszcoQG0
Hassan,Rupeek Gold Loans,ChIJuymqrApJpTsRqBzxLeQDSvA
Kota,Rupeek Gold Loans,ChIJAQDQKQUVrjsRwC5CSta_agg
Jodhpur,Rupeek Gold Loans,ChIJPeMnIFeNQTkR40nwdHW9Qjg
Nagpur,Rupeek Gold Loans,ChIJR-ahgB-_1DsRA1MK-pVioD4
Amritsar,Rupeek Gold Loans,ChIJ60CIaF9lGTkRByvxTFGl-do
Hubli,Rupeek Gold Loans,ChIJN3YZGerXuDsROTEEaMLrFNY
Davanagere,Rupeek Gold Loans,ChIJWTSk8VMlujsR_zqAhs2_AVE
Anantapur,Rupeek Gold Loans,ChIJ-yehr95LsTsRJpCvWBNtGIs
Ballari,Rupeek Gold Loans,ChIJAQDQKQUVrjsRwC5CSta_agg
Khammam,Rupeek Gold Loans,ChIJO69XCQVZNDoRSm_0SySxpY0
Rajahmundry,Rupeek Gold Loans,ChIJp8UDGs6lNzoRatG2Zfg7Yyk
Kakinada,Rupeek Gold Loans,ChIJK4GyTFIpODoRVyUS1J0tU-I
Sangli,Rupeek Gold Loans,ChIJpbCz9dUjwTsRn95-weM8Cq4
Bhavnagar,Rupeek Gold Loans,ChIJR1x005JbXzkRs8SUkxh8ypo
Nizamabad,Rupeek Gold Loans,ChIJGREvfiDbzTsRG_PXzOluN3k
Belgaum,Rupeek Gold Loans,ChIJb41pEhJnvzsRWq8aJLbIu68
Nellore,Rupeek Gold Loans,ChIJdXQOsYGNTDoRn8jpu2wz4lY
Vijayapura,Rupeek Gold Loans,ChIJAQDQKQUVrjsRwC5CSta_agg
Kalaburagi,Rupeek Gold Loans,ChIJbWxxLT_HyDsRIua5vQf9ZfY
Kurnool,Rupeek Gold Loans,ChIJDwRrO_fntTsReAra__i_eQg
Jamnagar,Rupeek Gold Loans,ChIJbaY19YIVVzkRtK46KiC5tD4
Udupi,Rupeek Gold Loans,ChIJDwwbQtS7vDsR-bDtgpRn88g
Aurangabad,Rupeek Gold Loans,ChIJAQDQKQUVrjsRwC5CSta_agg
Ahmednagar,Rupeek Gold Loans,ChIJ7Zc3vJ2x3DsRIRrBzNibkIY
Kolhapur,Rupeek Gold Loans,ChIJAQDQKQUVrjsRwC5CSta_agg
Patiala,Rupeek Gold Loans,ChIJQaYaF64pEDkRVUu00XEDRNw
Doddaballapur,Rupeek Gold Loans,ChIJGei5_ZXfsTsRmXHNFqGfk5U
Madurai,Rupeek Gold Loans,ChIJAQDQKQUVrjsRwC5CSta_agg
Thiruvallur,Rupeek Gold Loans,ChIJAQDQKQUVrjsRwC5CSta_agg
Ujjain,Rupeek Gold Loans,ChIJAQDQKQUVrjsRwC5CSta_agg
